"Metoph Architects & Interiors","","","REVISED INTERIOR ESTIMATE FOR MS.RINKI SINGH,                                                                             SECT-132,GR.NOIDA  (07/10/2023)","","","","","","","","",""
"","","","","","","","","","","","",""
"","","","Office:     D-41,Second Floor,Sector-59,Noida- 201301","","","","","","","","",""
"","","","","","","","","","","","",""
"","","","Mob:       +91- 9634494116 ,   +91- 8791758757","","","","","","","","",""
"","","","","","","","","","","","",""
"","","","Email:      metopharchitects@gmail.com","","","","","","","","",""
"S.NO.","AREAS","DESCRIPTION","UNIT","QUANTITY","UNIT RATE","AMOUNT","UNIT PRICE","","","","",""
"1","DISMENTLING AND DEBRIS","","","","","","","","","","",""
"A","Dismentling and debris of exisitng partition Walls and site cleaning","as/Site Visit","lumsum","lumsum","lumsum","20000","","","","","",""
"2","CIVIL WORK","","","","","","","","","","",""
"A","Screeding work","providing 1:4 (cement : sand) 100mm thick mortar for exisitng floor leveling and smooth surface                                                 (as/site requirement)","lumsum","","","300000","","","","","",""
"B","IPS flooring","providing 5 to 6mm thick IPS flooring for Carpet Area.","","","","","","","","","",""
"C","Brick Work For Toilets And Pantrya and cafeteria","providing first class brick work with 4.5 and 9"""" thick with rough plaster finish for Tile work. (as/drawing) also providing ledge wall for Wall Hung WC Cistern","","","","","","","","","",""
"D","RCC Lintel Beam","providing RCC Lintel Beam For Door Support at +8' lvl","","","","","","","","","",""
"E","Water proofing for toilet and Pantry","providing DR. Fixit Water proofing chemical for toilets and pantry","","","","","","","","","",""
"F","plaster work","providing 1:4 (cement : sand) 12mm thick plaster on exisiting wall (as/site)","","","","","","","","","",""
"G","granite Ledge for Balcony area","18- 25 mm thick granite ledge for Balcony area","","","","","","","","","",""
"E","Raised Floor For Pantry + Café + Server Room","100mm high PCC floor for raised plateform for 75mm pipes for water line","","","","","","","","","",""
"3","FLOORING","","","","","","","","","","",""
"a","Floor Tiles","Providing Fixing of (4'x2' , 8"" x 4' ) vitrified Tile with labour and required fixing material.                                                                                                                                          As/3D theme and design                                                                                                                                                    Make - Kajaria,Somani, Varmoura,Granicer same as other                                                                                                                                          Tile Cost - up to 80/- sqft.","sqft","4000","170","680000","","","","","",""
"b","balcony's Floor Tiles (6 nos.)","Providing Fixing of (1'x1/18""x18"" / 8"" x 4' ) vitrified Tile with labour and required fixing material.                                                                                                        As/3D theme and design                                                                                                                                                                        Make - Kajaria,Somani, Varmoura,Granicer same as other                                                                                                                                                   Tile Cost - up to 70/- sqft.","sqft","450","150","67500","","","","","",""
"TOTAL  (A)","","","","","","747500","","","","","",""
"4","PARTITION WALL","","","","","","","","","","",""
"A","75mm thick Gypsum Partition (as/layout)                                  (up to Ceiling 13' high As/site)","providing and fixing of gypsum partition                                                                                                                                          (50mm x 50 mm GI section with both side 12mm gypsym board with joint plaster)","per sqft","2500","95","237500","","","","","",""
"B","12mm thick toughned glass Door with Required black profile channel with Fittings (as/layout)","","per pcs","17","21000","357000","","","","","",""
"C","12mm thick toughned glass partition with  black powder coated profile with glass                                                                 (as/layout)                                                                                                                       (up to 8' high from floor finish lvl)","12mm thick tougned Glass partition with Required Fittings (Make - saint Gobain,Modi same as other)                                                                                                                                            note - exisitng front glass will remain same","per sqft","900","650","585000","","","","","",""
"D","frosted film on glass partiton                                                                                                      ( 4 feet high )","as/design","per sqft","1000","40","40000","","","","","",""
"TOTAL  (B)","","","","","","1219500","","","","","",""
"5","DIRECTOR'S TOILET","","","","","","","","","","",""
"A","Floor and Wall Tiles","Providing Fixing of (2'x2', 12""x18"", 12""x12"" ) vitrified Tile with labour and required fixing material.  (Make - Somani,Kajaria,vamoura,same as other brand)","per unit","300","150","45000","","","","","",""
"B","Fixtures for toilet","1. Wall mounted WC (jaquar) with cistern + flush plate (GROHE GD- 2)                                                                                                                          2. Table top basin with diverter                                                                                                                                               (MAKE - JAQUAR BASIC MODEL)                                                                                                             3. wall mirror with light                                                                                         4. Vanity with granite top with below storage                                                  5. health Faucet                                                                                                   6. toilet paper Holder (Stainless steel heavy duty)","per unit","1","60000","60000","","","","","",""
"C","New Bathroom's pvc installation fittings + labour charges with required items.","providing fitting and fixing of new pvc pipeline fittings for bathroom fixtures with required items.                                                                                                                  MAKE - Prince/ Prakash/Finolex same as other","per unit","1","25000","25000","","","","","",""
"TOTAL  (C)","","","","","","130000","","","","","",""
"6","SUSPENDED CEILING","","","","","","","","","","",""
"a","GYPSUM board ceiling with cove (as/disussed )","providing and fixing of Gypsum Board ceiling with required ISI GI channel cevered with 12mm thick gypsum board with required fittings.","per sqft","4300","90","387000","","","","","",""
"b","Rafter ceiling in reception area","as/design","per sqft","135","450","60750","","","","","",""
"TOTAL  (D)","","","","","","447750","","","","","",""
"7","ELECTRICAL WORKS","","","","","","","","","","",""
"a","ELECTRICAL WORKS FOR COMPLETE OFFICE (as/drawing and 3D design)","providing fitting and Fixing of False ceiling's wiring,pvc conduiting, switch Board, LED Stirips for cove and recessed light for false ceiling, MCB, Distribution Board, 2 - 3 electrical point on work + 4 electrical points in cabin + COVE LIGHT , Cove Strip, Profile Light, Hanging Light other required work                                                                                                                                                                                                                (Excluding items from our scope - Fan, Geyser,R.O.,chandelier, earthing's wiring )                                                                                                                               Make - polycab/Havells for wiring + GM/L&T/ for switches + Syska/Crompton/ Philips For Resecced Ceiling Light  .","per sqft","3200","235","752000","","","","","",""
"TOTAL  (E)","","","","","","752000","","","","","",""
"8","PAINT WORKS","","","","","","","","","","",""
"a","Walls + Partition And Ceiling's Paint work for complete office area with rquired putty work","MAKE - Asian Plastic Paint/Burger (plastic paint)","lumsum","9000","28","252000","","","","","",""
"TOTAL  (F)","","","","","","252000","","","","","",""
"9","FURNITURES","","","","","","","","","","",""
"9A","Reception Area","","","","","","","","","","",""
"a","waiting area sofa  set","AS/3D DESIGN","per seat","4","8000","32000","","","","","",""
"b","2 seater  sofa","AS/3D DESIGN","per seat","2","10000","20000","","","","","",""
"c","Coffee table ( 3'x3' )","AS/DESIGN","per pcs","2","7500","15000","","","","","",""
"d","Reception counter (as/3D design)","Made of 19mm thick ply/blockboard/HDHMR with laminate finish bith side with required fittings                                                                   ( SIZE - 8' wide x 4' high x 3' Depth )","per pcs","1","37500","37500","","","","","",""
"e","Reception chair","as/selecion","per pcs","1","6000","6000","","","","","",""
"9B","Meeting Room","","","","","","","","","","",""
"a","meeting's table with laminate finish                                                              (8feet wide x 4feet width x 2.5 feet high)","made of powder coated MS frame(internal) with wooden laminted top with laquered glass","per pcs","1","30000","30000","","","","","",""
"b","meeting table's chairs","up to 5000/- per seat","per pcs","6","5000","30000","","","","","",""
"9C","Pantry (2400x1800)","","","","","","","","","","",""
"a","wooden storage below the pantry's slab","Made of 19mm thick ply/blockboard/HDHMR with laminate finish bith side with required fittings                                                                                                                               (SIZE - 6' wide x 3' high x 2' Depth)","per sqft","18","1000","18000","","","","","",""
"a","0ver head storage above the pantry's slab","Made of 19mm thick ply/blockboard/HDHMR with laminate finish bith side with required fittings                                                                                                                         (SIZE - 6' wide x 3' high x 1' Depth)","per sqft","18","1000","18000","","","","","",""
"b","granite top","19mm thick granite top with required fixing labour and material.                                                                                   Granite base rate - 150/- sq ft","per sqft","15","300","4500","","","","","",""
"c","pantry wall tile above slab (2' high) to upper head storage + wall tiles behind the refrigerator and WD (up to 5' high)","Providing Fixing of (2'x2', 12""x18"", 12""x12"" ) vitrified Tile with labour and required fixing material.  (Make - Somani,Kajaria,vamoura,same as other brand)","per sqft","100","150","15000","","","","","",""
"d","sink + mixture and required plumbing installation labour and their material","sink cost  - up to 5000/-                                                                                                                                             wall mixture - up to 3000/-","lumsum","_","_","12000","","","","","",""
"9D","Cafeteria","","","","","","","","","","",""
"a","wooden storage below the sink's granite counter and Over head Storage","Made of 19mm thick ply/blockboard/HDHMR with laminate finish bith side with required fittings                                                                                                                                   (SIZE - 6' wide x 3' high x 2' Depth)","per sqft","36","1000","36000","","","","","",""
"b","granite top for 2 slab","19mm thick granite top with required fixing labour and material.                                                                                   Granite base rate - 150/- sq ft","per sqft","50","300","15000","","","","","",""
"c","pantry wall tile above slab (2' high) to upper head storage + wall tiles behind the refrigerator and WD (up to 5' high)","Providing Fixing of (2'x2', 12""x18"", 12""x12"" ) vitrified Tile with labour and required fixing material.  (Make - Somani,Kajaria,vamoura,same as other brand)","per sqft","150","150","22500","","","","","",""
"d","sink + mixture and required plumbing installation labour and their material","sink cost  - up to 5000/-                                                                                                                                                 wall mixture - up to 3000/-","lumsum","_","_","12000","","","","","",""
"f","pantry's stools","up to 3000/-per pcs","per pcs","6","3000","18000","","","","","",""
"9E","workstation areas (1 and 2)","","","","","","","","","","",""
"a","workstation's table with laminate finish top                                               (size - 3.5' wide x 2' depth )","made of powder coated MS frame structure (internal) with wooden laminted top.","per pcs","53","7000","371000","","","","","",""
"b","workstation's chair","up to 4500/- per seat","per pcs","53","4500","238500","","","","","",""
"d","low height division storage                                                                                                                           (5 feet wide x 4 feet high x 1 feet deep)","structure made of MS and box made of wooden. As/design","per pcs","6","15000","90000","","","","","",""
"e","2 sofa seat for informal area","as/3d design","per pcs","2","10000","20000","","","","","",""
"f","Wall Display Storage (8 feet high x 8 feet wide)","made of MS pipe with wooden planter as/design","per sqft","64","1000","64000","","","","","",""
"9G","Cabins (1, 2 and 3 )","","","","","","","","","","",""
"a","boss's table +  side table storage                                                                                         (size - 5' wide x 3' depth x 2.5 feet high )","made of powder coated MS frame(internal) with wooden laminted top with laquered glass","per pcs","3","27500","82500","","","","","",""
"b","Cabin's head chair","up to 7500/- per seat","per pcs","3","7500","22500","","","","","",""
"c","Cabin's visitor chair","up to 4500/- per seat","per pcs","6","4500","27000","23'(L)x13'(W)=299","","","","",""
"9H","cabin-04","","","","","","","","","","",""
"a","workstation's table with laminate finish top                                               (size - 3.5' wide x 2' depth )","made of powder coated MS frame structure (internal) with wooden laminted top.","per pcs","6","7000","42000","","","","","",""
"b","workstation's chair","up to 4500/- per seat","per pcs","6","4500","27000","","","","","",""
"9I","Ex.Director Cabin","","","","","","","","","","",""
"a","cabin's table with laminate finish top                                                                                  (size - 6' wide x 3' depth )","made of 19mm thick commerical plywood with laminate finish top.","per pcs","1","22500","22500","","","","","",""
"b","Low height storage                                                                                                                                                  (size - 3' wide x 2.5' high x 18"" deep )","made of 19mm thick commerical plywood with laminate finish with two drawer + one shutter below","per pcs","1","7500","7500","23'(L)x13'(W)=300","","","","",""
"c","Director's chair","up to 10000/- per seat","per pcs","1","10000","10000","","","","","",""
"d","visitor chair","up to 4500/- per seat","per pcs","3","4500","13500","23'(L)x13'(W)=299","","","","",""
"e","sofa set","as/design","per pcs","2","10000","20000","23'(L)x13'(W)=300","","","","",""
"9J","Director Room-01","","","","","","","","","","",""
"a","cabin's table with laminate finish top                                                                                   (size - 7' wide x 3' depth )","made of 19mm thick commerical plywood with laminate finish top.","per pcs","1","25000","25000","","","","","",""
"b","Low height storage                                                                                                                                          (size - 4' wide x 2.5' high x 18"" deep )","made of 19mm thick commerical plywood with laminate finish with two drawer + one shutter below","per pcs","1","10000","10000","23'(L)x13'(W)=300","","","","",""
"c","Director's chair","up to 10000/- per seat","per pcs","1","10000","10000","","","","","",""
"d","visitor chair","up to 4500/- per seat","per pcs","3","4500","13500","23'(L)x13'(W)=299","","","","",""
"e","sofa set","as/design","per pcs","3","10000","30000","23'(L)x13'(W)=300","","","","",""
"f","Coffee table (3' x 3' )","as/design","per pcs","2","7500","15000","","","","","",""
"g","Table's Back Wall Storage (8' high x 6.5' wide)","as/design","per sqft","52","1000","52000","","","","","",""
"9K","Director Room-02","","","","","","","","","","",""
"a","Director's table with laminate finish top                                               (size - 7' wide x 3' depth )","made of powder coated MS frame(internal) with wooden laminted top with laquered glass","per pcs","1","25000","25000","","","","","",""
"b","Low height storage                                                                                                            (size - 3' wide x 2.5' high x 18"" deep )","made of 19mm thick commerical plywood with laminate finish with two drawer + one shutter below","per pcs","1","7500","7500","23'(L)x13'(W)=300","","","","",""
"c","Director's chair","up to 10000/- per seat","per pcs","1","10000","10000","","","","","",""
"d","visitor chair","up to 4500/- per seat","per pcs","3","4500","13500","23'(L)x13'(W)=299","","","","",""
"e","sofa set","as/design","per pcs","3","10000","30000","23'(L)x13'(W)=300","","","","",""
"f","Coffee table (3' x 3' )","as/design","per pcs","2","7500","15000","","","","","",""
"g","2 seater sofa","as/design","per sqft","2","10000","20000","","","","","",""
"h","Wall Storage (8' high x 4' wide)","as/design","per sqft","32","1000","32000","","","","","",""
"TOTAL  (G)","","","","","","1708000","","","","","",""
"10","MISCELLANEOUS WORK","","","","","","","","","","",""
"a","POP wall plaster and Exising Pop plaster or punning","leveling and smmoth surface + piller","per sqft","2000","30","60000","","","","","",""
"b","Rollers Blindes (for external glazing glass)","Make -winfab, vista, hightech ,same as other","per sqft","600","150","90000","","","","","",""
"TOTAL  (H)","","","","","","150000","","","","","",""
"11","SYSTEM INTEGERATION WORK","","","","","","","","","","",""
"a","CCTV  fittings with 6 camera excluding TFT Screen","providing fitting and fixing of 6 CCTV camara with rquired DVR Box ,wiring, Night vision Camara. Without lcd Screen                                                                                 MAKE - CP plus","","","","200000","","","","","",""
"b","HDMI cabling for 3 Director Cabin","for LCD screen","","","","","","","","","",""
"c","KAT 6 wiring for Networking","For work station + cabins + other","","","","","","","","","",""
"d","Biometric punching machine with Fittings","500 person capacity","","","","","","","","","",""
"TOTAL  (I)","","","","","","200000","","","","","",""
"12","HVAC WORK  (28% GST extra on AHU UNIT)","","","","","","","","","","",""
"a","2 AIR  HANDLING  UNITS (AHU) 5000 CFM DS 4RD 50mm STATIC :- Make - (ZECO/edgtech) Supply, testing, of double skin air handling unit Casing of air handling unit shall be in double skin construction, inner skin Shall be construction out of 24 gauge plain GS sheet& outer skin in  24 gauge pre-plasticized GS sheet sand witched between 25mm thick Injected PU foam insulation of density not less than 40 kg/Cum and Inspection door, fan section complete with forward curved type centrifugal Fan, and 3 phase squirrel cage induction motor with belt drive drive packag,Coil section with multi row deep chilled and aluminum fins contraction having wall thickness of tubes not less 0.4 mm face velocity across cooling coil shall not exceed 500 FPM, filter section complete with 50 mm thick Washable synthetic fiber filter.","","","","3200  x  325                       (carpet x Unit rate)","1040000","","","","","",""
"b","2 CHILLED WATER PIPING  :  MAKE - (jindal)  Suppling,instalection,testing and commissioning of M S heavy  C -class piping Insulation with closed cell insulation of 25 mm thick 32mm 3. Y-STRAINER  FOR  AHUs  PIPE LINE :  MAKE - (sant/flowell)  Supply,installction,testing and commissioning of following ‘Y strainers for Air handling units 32mm  4. Suppling,installaing,testing and commissioning of following Ball valves one With Y strainers and other without strainer for AHU Pipe line in let and out let 15mm dia 5. DUCTWORK/AIR TERMINALS : MAKE -  (jindal/sail)                                                                                                                                                                                                                                                                                Supply, fabrication, installation, and testing of sheet metal ducts complete. Hanging arrangement including check nuts in Accordance with the approved shop drawing and specifications etc.  0.63mm    (24gauge)   GSS 7 Supply & fixing of  :-   Diffuser with damper  (300x300) 8 INSULACTION :-          6 mm Naital   rubber   (Aflex/accoflex) 9 FLEXIBLE  CANVASS CONNECTION:-  Supply, installation and testing of  125 MM deep ant vibration flexible Joint at the outlet of packaged unites 10 AHU  machine motor starter panel   11 AHU machine installation charge 12 AHU  machine transportation and lifting charge","","","","","","","","","","",""
"TOTAL  (J)","","","","","","1040000","","","","","",""
"13","FIRE FIGHTING AND SPRINKLER WORKS","","","","","","","","","","",""
"13A","Providing laying,  jointly and testing of Heavy grade MS Pipe ISI Marked 1239 with special accessories such as tees, elbows, nut and bolts with welded joints including  cutting & making iron clamps, bracket with metal fastener  and painting with 2 Coats of synthetic paint etc. complete as required pipes.                                                                                                                                                                                                                                                               (Make :Jindal Hissa).","","","","","","","","","","",""
"","","","","","","","","","","","",""
"","","","","","","","","","","","",""
"A","65 MM DIA","","MTRS.","6","1315","7890","","","","","",""
"B","50 MM DIA","","MTRS.","12","825","9900","","","","","",""
"C","25 MM DIA","","MTRS.","48","525","25200","","","","","",""
"(F)","32 MM DIA","MTRS.","","525.00","0.00","0","","","","","",""
"(I)","32 MM DIA","MTRS.","","495.00","0.00","0","","","","","",""
"","","","","","","0","","","","","",""
"","","","","","","0","","","","","",""
"","","","","","","0","","","","","",""
"","","","","","","0","","","","","",""
"","","","","","","0","","","","","",""
"","","","","","","0","","","","","",""
"","","","","","","0","","","","","",""
"","","","","","","0","","","","","",""
"","","","","","","0","","","","","",""
"","","","","","","0","","","","","",""
"","","","","","","0","","","","","",""
"","","","","","","0","","","","","",""
"","","","","","","0","","","","","",""
"","","","","","","0","","","","","",""
"","","","","","","0","","","","","",""
"","","","","","","0","","","","","",""
"9","MS door frame 1200x2100 door capable of accommodating fire hose reel, landing valve, hose pipes, fittings & accessories. The door shall have a front glass with lock and key arrangement & shall be painted with post office red colour (approval shall be taken on the basis of submitted sample before ordering) Cost of fire extinguishers not included in item rate. (Liasioing with civil contractor for making 1200x600x2100 Recessed type mansoary box (by civil contractor).","Each","5","11500.00","57500.00","661250000","","","","","",""
"","","","","","0.00","0","","","","","",""
"","","","","","","0","","","","","",""
"","","","","","","0","","","","","",""
"","","","","","","0","","","","","",""
"","","","","","","0","","","","","",""
"","","","","","","0","","","","","",""
"(E)","80mm   bore","EACH","0","3950.00","0.00","0","","","","","",""
"(F)","50mm   bore","EACH","0","2450.00","0.00","0","","","","","",""
"","","","","","","0","","","","","",""
"13B","Providing & fixing cast iron Butter Fly Value Complete with MS flange nuts and bolts rubber insertion as required ISI make.                                                                                                                                                                                                                                                                                                       (Make : Kartar/ Zoloto).","","","","","","","","","","",""
"","250 mm  bore","EACH","1","12550.00","12550.00","157502500","","","","","",""
"","200 mm  bore","EACH","1","9050.00","9050.00","81902500","","","","","",""
"a","65mm   bore","","per  pcs","1","3725","3725","","","","","",""
"","","","per  pcs","","","0","","","","","",""
"","","","per  pcs","","","0","","","","","",""
"","","","per  pcs","","","0","","","","","",""
"","","","per  pcs","","","0","","","","","",""
"","","","per  pcs","","","0","","","","","",""
"","","","per  pcs","","","0","","","","","",""
"","","","per  pcs","","","0","","","","","",""
"","","","per  pcs","","","0","","","","","",""
"13C","P/F S.S Flexable Pipe 1000mm For Srinklers Pipe Adjust Ceiling Lable as Per Direction with Accessories Complete in all respect.                                                                                                                                                                                                                                                                                                                                                             (Make-H.D/ Tyco)","","per  pcs","18","2695","48510","","","","","",""
"17","Providing & fixing mechanical foam type fire extinguisher 9 ltrs. (ISI marked. (Make: Guarsd / Safe Guards/ Life Guards/ Lightex/ Superex/ Safex).","EACH","per  pcs","2875.00","#VALUE!","#VALUE!","","","","","",""
"","","","per  pcs","","#VALUE!","#VALUE!","","","","","",""
"","","","per  pcs","","#VALUE!","#VALUE!","","","","","",""
"18","Providing & fixing of water pressure gas type fire extinguishers of 6 ltr. Capacity complete with initial charges and ISI Marked. (Make: Guarsd / Safe Guards/ Life Guards/ Lightex/ Superex/ Safex).","EACH","per  pcs","2475.00","#VALUE!","#VALUE!","","","","","",""
"","","","per  pcs","","#VALUE!","#VALUE!","","","","","",""
"","","","per  pcs","","","0","","","","","",""
"","","","per  pcs","","","0","","","","","",""
"","","","per  pcs","","","0","","","","","",""
"","","","per  pcs","","","0","","","","","",""
"","","","per  pcs","","","0","","","","","",""
"","","","per  pcs","","","0","","","","","",""
"","","","per  pcs","","","0","","","","","",""
"","","","per  pcs","","","0","","","","","",""
"","","","per  pcs","","","0","","","","","",""
"","","","per  pcs","","","0","","","","","",""
"","","","per  pcs","","","0","","","","","",""
"","","","per  pcs","","","0","","","","","",""
"","","","per  pcs","","","0","","","","","",""
"","","","per  pcs","","","0","","","","","",""
"","","","per  pcs","","","0","","","","","",""
"","","","per  pcs","","","0","","","","","",""
"","","","per  pcs","","","0","","","","","",""
"","","","per  pcs","","","0","","","","","",""
"","","","per  pcs","","","0","","","","","",""
"","","","per  pcs","","","0","","","","","",""
"","","","per  pcs","","","0","","","","","",""
"","","","per  pcs","","","0","","","","","",""
"","","","per  pcs","","","0","","","","","",""
"","","","per  pcs","","","0","","","","","",""
"","","","per  pcs","","","0","","","","","",""
"","","","per  pcs","","","0","","","","","",""
"","","","per  pcs","","","0","","","","","",""
"","","","per  pcs","","","0","","","","","",""
"","","","per  pcs","","","0","","","","","",""
"","","","per  pcs","","","0","","","","","",""
"","","","per  pcs","","","0","","","","","",""
"","","","per  pcs","","","0","","","","","",""
"","","","per  pcs","","","0","","","","","",""
"","","","per  pcs","","","0","","","","","",""
"","","","per  pcs","","","0","","","","","",""
"","","","per  pcs","","","0","","","","","",""
"","","","per  pcs","","","0","","","","","",""
"","","","per  pcs","","","0","","","","","",""
"","","","per  pcs","","","0","","","","","",""
"","","","per  pcs","","","0","","","","","",""
"","","","per  pcs","","","0","","","","","",""
"","","","per  pcs","","","0","","","","","",""
"","","","per  pcs","","","0","","","","","",""
"","","","per  pcs","","","0","","","","","",""
"","","","per  pcs","","","0","","","","","",""
"","","","per  pcs","","","0","","","","","",""
"","","","per  pcs","","","0","","","","","",""
"","","","per  pcs","","","0","","","","","",""
"","","","per  pcs","","","0","","","","","",""
"","","","per  pcs","","","0","","","","","",""
"","1 set of electric motor driven jockey pump(for sprinkler system)","","per  pcs","","#VALUE!","#VALUE!","","","","","",""
"","1 set of electric motor driven down comer pump","","per  pcs","","#VALUE!","#VALUE!","","","","","",""
"","630 AMP FP MCCB with flush mounting  square  CT operated  ammeter  with selector  switch,  Voltmeter  with selector  switch,  protective  fuses  and phase indicating lamps.","","per  pcs","","#VALUE!","#VALUE!","","","","","",""
"","Bus Bar :","","per  pcs","","#VALUE!","#VALUE!","","","","","",""
"","630 AMP TPN, 415 volt, 3 phase, 4 wire, 50 HZ electrolitic  high conductivity Copper with SMC / DMC supports, with colour coading and insulated by heat shrinkable  sleeves  and  clips  on  shrouds  for  joints.  The  current  density  of copper bus bar shall not exceed  1.25 amp/sqmm.","","per  pcs","","#VALUE!","#VALUE!","","","","","",""
"","Outgoings :","","per  pcs","","#VALUE!","#VALUE!","","","","","",""
"","1 no. 250 AMP TP MCCB with star delta starter of suitable HP for  main  fire pump    with   over   load   protection,   single   phase   preventor   complete   for automatic operation, selector switch for local/remote, auto/manual/off operation,  with  CT  operated  ammeter  with  selector  switch  and  indication lamps for ""On"" ""Off"" and ""Trip"" mounted on the cubicle door.","","per  pcs","","#VALUE!","#VALUE!","","","","","",""
"","1 no. 250 AMP TP MCCB with star delta starter of suitable HP for sprinkler pump    with   over   load   protection,   single   phase   preventor   complete   for automatic operation, selector switch for local/remote, auto/manual/off operation,  with  CT  operated  ammeter  with  selector  switch  and  indication lamps for ""On"" ""Off"" and ""Trip"" mounted on the cubicle door.","","per  pcs","","#VALUE!","#VALUE!","","","","","",""
"","1  no.  63  AMP  TP  MCCB  with  star  delta  starter  of  suitable  HP  for  jockey pump( for  fire  fighting)with  over  load  protection,  single  phase  preventor complete for automatic operation, selector switch for local/remote, auto/manual/off  operation, with CT operated ammeter with selector switch and indication lamps for ""On"" ""Off"" and ""Trip"" mounted on the cubicle door.","","per  pcs","","#VALUE!","#VALUE!","","","","","",""
"","1 no. 63 AMP  TP MCCB   25 KVA  with  star  delta  starter  of suitable  HP for jockey pump(for sprinkler system) with over load protection, single phase preventor  complete  for  automatic  operation,  selector  switch  for local/remote,  auto/manual/off  operation,  with  CT operated  ammeter  with selector  switch  and indication  lamps for ""On"" ""Off"" and ""Trip""  mounted  on the cubicle door.","","per  pcs","","#VALUE!","#VALUE!","","","","","",""
"","1 no. 63 AMP  TP MCCB   25 KVA  with  star  delta  starter  of suitable  HP for down   comer  pump   with  over  load  protection,   single   phase  preventor complete for automatic operation, selector switch for local/remote, auto/manual/off  operation, with CT operated ammeter with selector switch and indication lamps for ""On"" ""Off"" and ""Trip"" mounted on the cubicle door.","","per  pcs","","#VALUE!","#VALUE!","","","","","",""
"","1 nos. 250 AMP TP MCCB as spare","","per  pcs","","#VALUE!","#VALUE!","","","","","",""
"","1 nos. 63 AMP FP MCB as spare","","per  pcs","","#VALUE!","#VALUE!","","","","","",""
"","","","per  pcs","","","0","","","","","",""
"","","","per  pcs","","#VALUE!","#VALUE!","","","","","",""
"25","P/F Terraces Pump Panel 16 Gauge Complete in all respect.","SET.","per  pcs","12500.00","#VALUE!","#VALUE!","","","","","",""
"","","","per  pcs","","","0","","","","","",""
"","","","per  pcs","","","0","","","","","",""
"","","","per  pcs","","","0","","","","","",""
"(B)","3 core power cables 32.0 sq. mm","MTRS.","per  pcs","427.00","#VALUE!","#VALUE!","","","","","",""
"","","","per  pcs","","","0","","","","","",""
"26","Providing, laying, testing and commissioning of MS heavy Grade ERW pipes for underground applications confirming to IS: 1239 / IS : 3589 with necessary flanges and fittings such as elbows and as elbows and tees with a primer coat along with wrapping and coating of pipe PYPCOYE 4 mm thick conforming to IS:10221. If required excavation all the type soils refilling the trenches to same finish. Holidays test shall be curried out to check for proper workmanship on the laying of all underground piping.(MAKE ; PIPE COATE)","","per  pcs","","#VALUE!","#VALUE!","","","","","",""
"","a) 150 mm dia","MTRS","per  pcs","2575.00","#VALUE!","#VALUE!","","","","","",""
"","b) 100mm dia","MTRS","per  pcs","1897.00","#VALUE!","#VALUE!","","","","","",""
"","c)   80mm dia","MTRS","per  pcs","1305.00","#VALUE!","#VALUE!","","","","","",""
"","d)   50mm dia","MTRS","per  pcs","1095.00","#VALUE!","#VALUE!","","","","","",""
"","","","per  pcs","","#VALUE!","#VALUE!","","","","","",""
"13D","Providing & Fixing 15 mm dia gun metal (Pendent Type) sprinkle head with quartz bulb complete with all respect                                                                                                                                                                                                                                                                                                                                                  (Make : H.D/ Y- King / TYOCO)","","per  pcs","25","700","17500","","","","","",""
"23","Providing testing and commissioning of the installation control valve including with following fittings, (Make : Kirloskar).","","per  pcs","25","15625","390625","","","","","",""
"","150 mm dia sluice valve confirming to IS: 780","","per  pcs","25","15625","390625","","","","","",""
"","Automatic alarm valve with water motor gong","","per  pcs","25","15625","390625","","","","","",""
"","Pressure gauge, pressure switches and other miscellaneous valves and fitting as required including pipe drilling making goods as per standard specifications complete.","EACH","per  pcs","25","15625","390625","","","","","",""
"","","","per  pcs","25","15625","390625","","","","","",""
"","","","per  pcs","25","15625","390625","","","","","",""
"","","","per  pcs","25","15625","390625","","","","","",""
"","","","per  pcs","25","15625","390625","","","","","",""
"","","","per  pcs","25","15625","390625","","","","","",""
"","","","per  pcs","25","15625","390625","","","","","",""
"","","","per  pcs","25","15625","390625","","","","","",""
"23","Providing & fixing double flanged flexicon expansion joint with unit control of standard length as per maufacturers specs tested to a pressure of 20Kg/Sqcm including   rubber   gaskets,   flanges,   nuts,  bolts   and  washers   complete   as required.","","per  pcs","25","15625","390625","","","","","",""
"","200 mm dia","Each","per  pcs","25","15625","390625","","","","","",""
"(A)","150 mm dia","Each","per  pcs","25","15625","390625","","","","","",""
"(B)","100 mm dia","Each","per  pcs","25","15625","390625","","","","","",""
"","","","per  pcs","25","15625","390625","","","","","",""
"32","Providing,  fixing, testing & commissioning  of MS air cushion  tank on top of each riser fabricated from 8mm thick MS plate,250 mm in diameter and 1.2 m in height  with dished  ends fabricated  from 10mm  thick MS sheet,2coats  of synthetic  enamel  paint over a coat of primer    with   Air release   valve with stop cock, flanged  inlet connection  and  drain arrangement  with 25mm  dia valve, pressure guage with gun metal stop cock complete with all accessories as required.","Each","per  pcs","25","15625","390625","","","","","",""
"","","","per  pcs","25","15625","390625","","","","","",""
"","","","per  pcs","25","15625","390625","","","","","",""
"32","Providing & Fixing Nipple Down Complete in all respect.","","per  pcs","25","15625","390625","","","","","",""
"","500mm dia","Nos.","per  pcs","25","15625","390625","","","","","",""
"","700mm dia","Nos.","per  pcs","25","15625","390625","","","","","",""
"","900mm dia","Nos.","per  pcs","25","15625","390625","","","","","",""
"","1200mm dia","Nos.","per  pcs","25","15625","390625","","","","","",""
"","1500mm dia","Nos.","per  pcs","25","15625","390625","","","","","",""
"","","","per  pcs","25","15625","390625","","","","","",""
"","","","per  pcs","25","15625","390625","","","","","",""
"","","","per  pcs","25","15625","390625","","","","","",""
"","","","per  pcs","25","15625","390625","","","","","",""
"","","","per  pcs","25","15625","390625","","","","","",""
"","","","per  pcs","25","15625","390625","","","","","",""
"37","Providing  & Fixing of installation  control valve with turbine  type automatic Alarm Gong to be connected with control valve, drain & test valve all flanged connections as per manufacturer's specifications complete. (Make : Kirloskar)","","per  pcs","25","15625","390625","","","","","",""
"","150mm dia","Each","per  pcs","25","15625","390625","","","","","",""
"","","","per  pcs","25","15625","390625","","","","","",""
"22","Providing and fixing inspectors test assembly complete with test valve, sight glass sectional drain valve, union with corrosion resistant orifice all complete strictly as per drawing. (Make: Zoloto)","","per  pcs","25","15625","390625","","","","","",""
"","25 mm dia","Nos.","per  pcs","25","15625","390625","","","","","",""
"","","","per  pcs","25","15625","390625","","","","","",""
"","","","per  pcs","25","15625","390625","","","","","",""
"","","","per  pcs","25","15625","390625","","","","","",""
"31","Supply, Erection, Testing & commissioniing of firemans axe with heavy rubber handle .","Each","per  pcs","25","15625","390625","","","","","",""
"","","","per  pcs","25","15625","390625","","","","","",""
"","","","per  pcs","25","15625","390625","","","","","",""
"","","","per  pcs","25","15625","390625","","","","","",""
"","","","per  pcs","25","15625","390625","","","","","",""
"","","","per  pcs","25","15625","390625","","","","","",""
"","","","per  pcs","25","15625","390625","","","","","",""
"14","ALARM SYSTEM WORK","","","","","","","","","","",""
"a","Providing & fixing ISI marked fire extinguishers of ABC type of 4 Kg. capacities complete with horn and value with initial charge as required. ISI mark. (Make: Guarsd / Safe Guards/ Life Guards/ Lightex/ Superex/ Safex).","","per  pcs","4","2500","10000","","","","","",""
"b","Supplying and drawing of PVC  insulated   Copper  conductor 2C 1.5 sq. mm including terminating  connection etc. as required                                                                                                                                                                                                                                                                                                                                                                         (Make : Polycap).","","MTRS.","410","160","65600","","","","","",""
"c","Providing & fixing manual call box 16 guage in 100 x 100 mm enclosure with arrangement to raise the alarm when the glazz in manually broken complete as required including hammer.                                                                                                                                                                                ( Make : Agni Protection).","","per  pcs","2","1050","2100","","","","","",""
"d","Providing & fixing of DUAL / tone electric fire hooter suitable for wall mounting inside the building for localized warming range of hooter shall be 80 dB  to 120 dB.                                                                                                                                                                                                                                                    ( Make : Agni Protection).","","per  pcs","2","1050","2100","","","","","",""
"e","P/F Heat Detectors with base Complete in all respect.                                                                                                                                                                                                      (Make:  Agni Protection)","","per  pcs","18","1995","35910","","","","","",""
"f","P/F Smoke Detectors with base Complete in all respect.                                                                                                                                                                                   (Make:  Agni Protection)","","per  pcs","18","2200","39600","","","","","",""
"TOTAL  (K)","","","","","","268035","","","","","",""
"GRAND TOTAL  (A TO K )","","","","","","7234785.00","","","","","",""
"OTHER TERMS AND CONDITIONS-","","","","","","","","","","","",""
"1. Payment needed to be done in phases -                                                                                                                                                                                                                                                                                                                                                                                                                                                  30% Advance , 20% after delivery of material on site (with in initial 20 days), Remaining 15% -15% - 15% progressively every  20 days , 5% at the time of finishing.","","","","","","","","","","","",""
"2. Excluding items or works from our estimate and scope of works. ( i.e.TV ,Decor items,Projector,IT Server,paintings,planters,Wall Art,Ceiling and walls Fans,Signage ,Logo,Wall Graphics, Decortive lights,Signage kitchen's Appliances, Electrical fixtures like - chandelier,decorative lights,geyser,fans, curtains,WIFI internet routers.","","","","","","","","","","","",""
"3. Extra Items from our estimate or scope of work will be chareged Saperately. (after approval)","","","","","","","","","","","",""
"4. Estimated Project completion time 3 to 4 months .","","","","","","","","","","","",""
"5.18% GST will be extra on Bill and 28% gst on AHU Unit + Split Ac","","","","","","","","","","","",""
"6. above estimate is based on your shared layout if design and layouts and quantity wil be change then the cost will be revised as /3D or layouts.","","","","","","","","","","","",""
"","","","","","","","","","","","",""
